"model","r2","r2_se","r2_lo","r2_hi","elpd_loo","elpd_loo_sd","p_loo","p_loo_sd","looic","looic_loo_sd"
"Taxanomically nested random effects",0.666130610050517,0.0301833197255477,0.599152014528949,0.717296825855325,-229.420288874067,9.16603952164975,27.0065992463353,2.5502838259979,458.840577748135,18.3320790432995
"Non-phylogenetic random effects",0.661380974240211,0.0316532508153264,0.589732921036685,0.714059649245132,-229.684765603395,9.03605991405074,26.9174190440976,2.45922023231226,459.369531206791,18.0721198281015
"Phylogenetic random effects",0.649279950299384,0.0334390164410791,0.57483899992768,0.705603803110292,-230.754040904481,9.24530619639714,25.0836714933906,2.56887854008571,461.508081808962,18.4906123927943
"Fixed effects only",0.486894680503952,0.0398939104307662,0.400879957203521,0.556456647794274,-255.383913320244,9.47506859785558,16.4636679236495,2.24917022707536,510.767826640489,18.9501371957112
